id;user_id
0c4a01c9-4928-4b7b-ae2d-c1a939b89abd;a9d1da9a-12d6-4eaa-b995-a82b99ab147b
d7d99a00-0bbe-491a-9984-c044aa143f92;4704232f-d8cd-4757-a5b7-06300f48c0d7
06c34686-9523-420e-95c1-e7c776e74720;d906b1ab-efa9-411b-870a-32a80f493256
c886b637-c744-4b84-9333-38c1a7d11515;f43e11dd-abe5-416b-8b8a-702e32e0d6e7
177301f8-5ff8-4929-9958-f0643d32e47e;7af90c56-21ac-47c9-b755-7c04ab3f4875
5fc4fc43-8f62-4799-81c2-8e7f1fb8bd11;38b8f6c8-db06-4935-8f51-51a1f87f0151
218d4415-5bce-44ba-9500-8a8623b0a359;1ec0d22d-e31d-4158-981b-0a20b73db402
74bff833-83e5-4daa-88f5-f8a26f822900;872b38f4-cdc4-447a-a18e-a52916af6b2b
3a22d92a-55ff-4f15-8565-09e9352dcdc3;2cab74f0-ee35-47f0-8d8c-3edb37fd1c6d
4a3ef237-fea1-4486-8874-0fee20331626;1439b268-71b2-443a-a51f-bac91a695166
